momentum,dirac,qke,qke_invariant_error,dirac_norm_error,nfev_total
-1.8,1.1117606228903666e-05,1.1117606228841646e-05,1.1102230246251565e-16,1.9451107391432743e-13,11884.0
-1.71,2.117201829033269e-05,2.11720182905178e-05,0.0,1.8329782136561334e-13,11512.0
-1.62,4.7002055108419565e-05,4.700205510888718e-05,1.1102230246251565e-16,1.708633234898116e-13,11140.0
-1.53,9.309887959348128e-05,9.309887959365171e-05,3.3306690738754696e-16,1.616484723854228e-13,10780.0
-1.44,0.00014830234452331055,0.00014830234452225068,4.440892098500626e-16,1.5487611193520934e-13,10420.0
-1.35,0.0001961000936706883,0.00019610009366863675,8.881784197001252e-16,1.4588330543574557e-13,10060.0
-1.26,0.0002608150696955125,0.0002608150696948462,8.881784197001252e-16,1.3944401189291966e-13,9700.0
-1.17,0.0004514860245486114,0.00045148602455215005,1.4432899320127035e-15,1.312283615106935e-13,9340.0
-1.08,0.0009158844644518918,0.0009158844644587594,2.9976021664879227e-15,1.2589929099249275e-13,9004.0
-0.9900000000000001,0.0016739801261167562,0.0016739801261197635,5.662137425588298e-15,1.1257661469699087e-13,8644.0
-0.9000000000000001,0.00247253696715949,0.002472536967148741,1.0103029524088925e-14,1.0436096431476471e-13,8308.0
-0.81,0.0028913378734367334,0.0028913378734098535,1.5765166949677223e-14,9.980904991380157e-14,7972.0
-0.72,0.002721706564505779,0.0027217065644746102,2.19824158875781e-14,9.614531393253856e-14,7648.0
-0.6300000000000001,0.002277464547196748,0.0022774645471827773,2.886579864025407e-14,8.892886427247504e-14,7324.0
-0.54,0.002257942723708156,0.002257942723729988,4.39648317751562e-14,8.770761894538737e-14,7012.0
-0.4500000000000002,0.003223138430694474,0.003223138430755514,9.237055564881302e-14,8.826273045769994e-14,6712.0
-0.3600000000000001,0.005166941998010747,0.005166941998097571,2.419175970658216e-13,9.636735853746359e-14,6424.0
-0.27,0.007555982846891815,0.007555982846982081,6.470379787515412e-13,1.0413891970983968e-13,6148.0
-0.18000000000000016,0.009711771370672561,0.009711771370747848,1.6366907829024058e-12,1.4366285938649526e-13,5884.0
-0.09000000000000008,0.011147598174967176,0.011147598175047646,3.73845399082029e-12,2.099431739566171e-13,5644.0
-2.220446049250313e-16,0.011643413553352322,0.011643413553469832,7.678746527517433e-12,3.7259084706420253e-13,5440.0
0.08999999999999986,0.011147598174965604,0.011147598175040345,7.797984480362175e-12,3.396172232328354e-13,5644.0
0.17999999999999994,0.009711771370670447,0.009711771370757774,7.041922600592443e-12,3.360645095540349e-13,5896.0
0.2699999999999998,0.007555982846889773,0.0075559828469859884,5.8374416411766106e-12,3.3717473257866004e-13,6160.0
0.3600000000000001,0.005166941998009472,0.005166941998102248,4.196754055385554e-12,3.375077994860476e-13,6424.0
0.44999999999999996,0.0032231384306938672,0.0032231384307600816,2.7507995881137504e-12,3.43836070726411e-13,6712.0
0.5399999999999998,0.002257942723707549,0.002257942723732733,2.028599510595086e-12,3.5704772471945034e-13,7024.0
0.6299999999999997,0.0022774645471961004,0.0022774645471833306,2.0872192862952943e-12,3.630429290524262e-13,7336.0
0.72,0.0027217065645050464,0.00272170656447337,2.5469626407925716e-12,3.680389326632394e-13,7648.0
0.8099999999999998,0.002891337873435673,0.0028913378734083143,2.793099085351969e-12,3.7403413699621524e-13,7984.0
0.8999999999999997,0.0024725369671588517,0.002472536967148081,2.491895578771164e-12,3.8402614421784165e-13,8320.0
0.99,0.0016739801261163503,0.001673980126119768,1.7704726573697371e-12,3.888001032237298e-13,8656.0
1.0799999999999998,0.0009158844644516644,0.0009158844644590723,1.0200729150255938e-12,3.9679370900103095e-13,9004.0
1.1699999999999997,0.00045148602454842104,0.0004514860245523761,5.242473122279989e-13,4.0967229608668276e-13,9340.0
1.26,0.0002608150696954765,0.00026081506969488605,3.1386004906153175e-13,4.2010839251815923e-13,9700.0
1.3499999999999999,0.00019610009367063965,0.00019610009366859336,2.431388423929093e-13,4.247713292215849e-13,10060.0
1.4399999999999997,0.00014830234452328087,0.00014830234452222233,1.8895995879120164e-13,4.425348976155874e-13,10420.0
1.53,9.309887959349519e-05,9.309887959366186e-05,1.2256862191861728e-13,4.480860127387132e-13,10780.0
1.6199999999999999,4.70020551083866e-05,4.70020551089108e-05,6.417089082333405e-14,4.559685962135518e-13,11140.0
1.7099999999999997,2.1172018290273274e-05,2.1172018290532137e-05,3.019806626980426e-14,4.68292071786891e-13,11512.0
1.8,1.111760622887986e-05,1.1117606228848085e-05,1.6431300764452317e-14,4.75397499144492e-13,11884.0
