momentum,tail_extent_over_tau,exact_asymptotic,dirac_finite_window,qke_finite_window,dirac_absolute_error,qke_absolute_error,dirac_norm_error,qke_invariant_error,dirac_nfev,qke_nfev
-1.5,4.0,1.3501315594079349e-07,1.4305860434183055e-07,1.430586043402471e-07,8.045448401037067e-09,8.045448399453618e-09,4.884981308350689e-15,0.0,2498,2522
-1.425,4.0,2.9102341265248204e-07,2.6459246884640055e-07,2.645924688418162e-07,2.6430943806081484e-08,2.6430943810665838e-08,1.7763568394002505e-15,0.0,2426,2450
-1.35,4.0,6.142034454668084e-07,5.315185775265007e-07,5.315185775235568e-07,8.268486794030771e-08,8.268486794325157e-08,2.220446049250313e-15,0.0,2354,2378
-1.275,4.0,1.2660993984771874e-06,1.1415720121704225e-06,1.141572012179671e-06,1.245273863067649e-07,1.2452738629751636e-07,5.329070518200751e-15,1.1102230246251565e-16,2282,2306
-1.2,4.0,2.5424593647039024e-06,2.4478446014996956e-06,2.447844601515269e-06,9.461476320420672e-08,9.461476318863317e-08,6.661338147750939e-15,0.0,2210,2234
-1.125,4.0,4.959827847899006e-06,4.9862706719190215e-06,4.986270671920017e-06,2.6442824020015168e-08,2.644282402101043e-08,1.1546319456101628e-14,0.0,2138,2174
-1.05,4.0,9.372639042282024e-06,9.554370345544688e-06,9.554370345514347e-06,1.817313032626641e-07,1.817313032323234e-07,1.199040866595169e-14,0.0,2078,2102
-0.975,4.0,1.7107659856670705e-05,1.7436478704706656e-05,1.743647870467135e-05,3.2881884803595137e-07,3.2881884800064364e-07,1.7541523789077473e-14,0.0,2006,2030
-0.9,4.0,3.0077388168093375e-05,3.065442845797163e-05,3.0654428458008434e-05,5.770402898782568e-07,5.770402899150587e-07,2.1316282072803006e-14,0.0,1934,1970
-0.8250000000000001,4.0,5.080219838723752e-05,5.191576710788826e-05,5.191576710796905e-05,1.1135687206507405e-06,1.113568720731534e-06,2.1538326677728037e-14,0.0,1874,1898
-0.75,4.0,8.224763304364643e-05,8.413073188323643e-05,8.413073188327365e-05,1.883098839589991e-06,1.8830988396272198e-06,2.5091040356528538e-14,4.440892098500626e-16,1814,1838
-0.675,4.0,0.00012739286444616853,0.00012983688681569692,0.00012983688681552182,2.444022369528395e-06,2.4440223693532966e-06,2.531308496145357e-14,5.551115123125783e-16,1742,1778
-0.6000000000000001,4.0,0.00018851096849674726,0.00019090534212950363,0.0001909053421291163,2.394373632756371e-06,2.39437363236904e-06,2.6867397195928788e-14,1.4432899320127035e-15,1682,1706
-0.525,4.0,0.0002662595502307948,0.0002682405847125481,0.00026824058471209303,1.981034481753302e-06,1.9810344812982083e-06,2.9753977059954195e-14,2.886579864025407e-15,1622,1646
-0.44999999999999996,4.0,0.00035881137159724083,0.00036078087913906363,0.0003607808791386839,1.9695075418228e-06,1.969507541443058e-06,2.6867397195928788e-14,6.217248937900877e-15,1562,1586
-0.375,4.0,0.0004613313128404704,0.0004639659233334962,0.0004639659233330057,2.6346104930257633e-06,2.6346104925352703e-06,2.1538326677728037e-14,1.2545520178264269e-14,1502,1538
-0.30000000000000004,4.0,0.0005660709987117065,0.0005691291833891555,0.0005691291833879093,3.058184677448908e-06,3.058184676202726e-06,1.554312234475219e-14,2.531308496145357e-14,1454,1478
-0.2250000000000001,4.0,0.0006631988125400865,0.0006650500480859081,0.0006650500480833765,1.8512355458216506e-06,1.8512355432900385e-06,4.218847493575595e-15,5.0737192225369654e-14,1394,1430
-0.15000000000000013,4.0,0.0007422637401070865,0.0007410077195707226,0.0007410077195667524,1.2560205363638857e-06,1.2560205403340172e-06,2.4202861936828413e-14,9.936496070395151e-14,1346,1382
-0.07499999999999996,4.0,0.0007939904787722622,0.0007892833198078322,0.0007892833198024531,4.707158964430006e-06,4.7071589698091665e-06,7.260858581048524e-14,1.887379141862766e-13,1310,1334
0.0,4.0,0.0008119916159927893,0.0008057752025837046,0.0008057752025768919,6.216413409084712e-06,6.216413415897405e-06,1.6298074001497298e-13,3.4561242756581123e-13,1262,1286
0.07499999999999996,4.0,0.0007939904787722622,0.0007892833198076763,0.0007892833198025737,4.707158964585914e-06,4.707158969688495e-06,1.7918999617450027e-13,3.3995029014022293e-13,1298,1334
0.1499999999999999,4.0,0.0007422637401070865,0.000741007719570577,0.0007410077195669179,1.256020536509494e-06,1.256020540168568e-06,1.9872992140790302e-13,3.2729374765949615e-13,1346,1382
0.22499999999999987,4.0,0.000663198812540087,0.0006650500480857581,0.0006650500480836112,1.851235545671055e-06,1.8512355435242262e-06,2.0983215165415459e-13,2.97761815204467e-13,1394,1430
0.2999999999999998,4.0,0.0005660709987117075,0.000569129183389,0.0005691291833881713,3.0581846772924576e-06,3.058184676463802e-06,2.1826984664130578e-13,2.609024107869118e-13,1454,1478
0.375,4.0,0.0004613313128404704,0.00046396592333341097,0.0004639659233333122,2.634610492940545e-06,2.6346104928417742e-06,2.2670754162845697e-13,2.184918912462308e-13,1502,1538
0.44999999999999996,4.0,0.00035881137159724083,0.000360780879138935,0.000360780879139009,1.9695075416941593e-06,1.969507541768156e-06,2.3070434451710753e-13,1.7497114868092467e-13,1562,1598
0.5249999999999999,4.0,0.0002662595502307948,0.00026824058471244333,0.0002682405847123473,1.981034481648514e-06,1.981034481552508e-06,2.3869795029440866e-13,1.3355982986240633e-13,1622,1646
0.6000000000000001,4.0,0.00018851096849674726,0.0001909053421294667,0.00019090534212929736,2.394373632719427e-06,2.3943736325501017e-06,2.4014124022642136e-13,9.71445146547012e-14,1682,1706
0.6749999999999998,4.0,0.00012739286444616853,0.00012983688681569047,0.00012983688681564577,2.444022369521944e-06,2.444022369477248e-06,2.4591439995447217e-13,6.816769371198461e-14,1742,1778
0.75,4.0,8.224763304364643e-05,8.413073188321714e-05,8.413073188336156e-05,1.8830988395707058e-06,1.8830988397151215e-06,2.509104035652854e-13,4.5075054799781356e-14,1802,1838
0.8249999999999997,4.0,5.0802198387237694e-05,5.191576710786573e-05,5.191576710804573e-05,1.1135687206280333e-06,1.113568720808038e-06,2.4924506902834764e-13,2.853273173286652e-14,1874,1898
0.8999999999999999,4.0,3.0077388168093375e-05,3.065442845796757e-05,3.065442845806379e-05,5.770402898741978e-07,5.77040289970414e-07,2.5357493882438575e-13,1.7430501486614958e-14,1934,1970
0.9750000000000001,4.0,1.7107659856670675e-05,1.7436478704694825e-05,1.7436478704704942e-05,3.288188480241505e-07,3.2881884803426746e-07,2.574607194105738e-13,1.021405182655144e-14,2006,2030
1.0499999999999998,4.0,9.372639042282058e-06,9.554370345538213e-06,9.554370345534246e-06,1.817313032561555e-07,1.81731303252188e-07,2.65898414397725e-13,5.662137425588298e-15,2078,2102
1.125,4.0,4.959827847899006e-06,4.986270671918727e-06,4.98627067193165e-06,2.64428240197204e-08,2.6442824032643582e-08,2.6478819137309983e-13,2.9976021664879227e-15,2138,2174
1.1999999999999997,4.0,2.5424593647039024e-06,2.447844601497571e-06,2.4478446015238145e-06,9.46147632063315e-08,9.461476318008788e-08,2.6700863742235015e-13,1.4432899320127035e-15,2210,2234
1.275,4.0,1.2660993984771874e-06,1.1415720121736527e-06,1.1415720121854449e-06,1.2452738630353474e-07,1.2452738629174256e-07,2.745581539898012e-13,8.881784197001252e-16,2282,2306
1.35,4.0,6.142034454668084e-07,5.315185775246787e-07,5.315185775274396e-07,8.268486794212968e-08,8.268486793936877e-08,2.778888230636767e-13,3.3306690738754696e-16,2354,2378
1.4249999999999998,4.0,2.9102341265248204e-07,2.6459246884742197e-07,2.645924688443635e-07,2.6430943805060068e-08,2.6430943808118545e-08,2.807754029277021e-13,1.1102230246251565e-16,2426,2450
1.5,4.0,1.3501315594079349e-07,1.4305860434199752e-07,1.4305860434207426e-07,8.045448401204038e-09,8.045448401280774e-09,2.879918525877656e-13,2.220446049250313e-16,2498,2522
-1.5,6.0,1.3501315594079349e-07,1.345949347141405e-07,1.3459493471322246e-07,4.182212266529722e-10,4.1822122757102356e-10,8.759659664292485e-14,2.220446049250313e-16,3734,3758
-1.425,6.0,2.9102341265248204e-07,2.906872872102322e-07,2.9068728721063266e-07,3.3612544224981227e-10,3.3612544184937744e-10,8.193445921733655e-14,0.0,3626,3650
-1.35,6.0,6.142034454668084e-07,6.149677962996053e-07,6.149677963007848e-07,7.643508327968829e-10,7.643508339763762e-10,7.549516567451064e-14,0.0,3518,3554
-1.275,6.0,1.2660993984771874e-06,1.268608900045768e-06,1.268608900047854e-06,2.509501568580637e-09,2.5095015706666673e-09,7.038813976123492e-14,0.0,3410,3446
-1.2,6.0,2.5424593647039024e-06,2.544452188126757e-06,2.5444521881304043e-06,1.9928234228545735e-09,1.9928234265018974e-09,6.59472476627343e-14,0.0,3314,3338
-1.125,6.0,4.959827847899006e-06,4.957450809063912e-06,4.957450809068606e-06,2.3770388350941246e-09,2.377038830400715e-09,6.017408793468348e-14,1.1102230246251565e-16,3206,3230
-1.05,6.0,9.372639042282024e-06,9.36589119414279e-06,9.365891194153441e-06,6.747848139232953e-09,6.747848128582361e-09,5.295763827461997e-14,0.0,3098,3134
-0.975,6.0,1.7107659856670705e-05,1.7098592597971312e-05,1.7098592597955937e-05,9.067258699392637e-09,9.067258714767979e-09,5.062616992290714e-14,1.1102230246251565e-16,3002,3026
-0.9,6.0,3.0077388168093375e-05,3.0063401246681223e-05,3.0063401246684272e-05,1.3986921412152345e-08,1.3986921409103026e-08,4.318767565791859e-14,1.1102230246251565e-16,2906,2930
-0.8250000000000001,6.0,5.080219838723752e-05,5.078387605003223e-05,5.078387605002749e-05,1.8322337205286404e-08,1.832233721002979e-08,4.118927421359331e-14,1.1102230246251565e-16,2798,2834
-0.75,6.0,8.224763304364643e-05,8.22370780777993e-05,8.223707807777902e-05,1.0554965847129889e-08,1.0554965867418022e-08,4.007905118896815e-14,3.3306690738754696e-16,2702,2726
-0.675,6.0,0.00012739286444616853,0.00012739171303630963,0.00012739171303626775,1.1514098588959708e-09,1.1514099007732797e-09,3.419486915845482e-14,8.881784197001252e-16,2606,2642
-0.6000000000000001,6.0,0.00018851096849674726,0.0001884959780385169,0.0001884959780383555,1.499045823035545e-08,1.499045839176605e-08,2.9753977059954195e-14,1.9984014443252818e-15,2522,2546
-0.525,6.0,0.0002662595502307948,0.000266220405653263,0.0002662204056529876,3.9144577531821916e-08,3.914457780720927e-08,3.1530333899354446e-14,3.9968028886505635e-15,2426,2450
-0.44999999999999996,6.0,0.00035881137159724083,0.0003587719551451507,0.0003587719551445969,3.9416452090115794e-08,3.9416452643926264e-08,2.6423307986078726e-14,8.215650382226158e-15,2342,2366
-0.375,6.0,0.0004613313128404704,0.00046129884483586865,0.00046129884483485714,3.2468004601776766e-08,3.246800561328318e-08,3.419486915845482e-14,1.687538997430238e-14,2246,2282
-0.30000000000000004,6.0,0.0005660709987117065,0.0005660129245634494,0.0005660129245618726,5.8074148257133106e-08,5.8074149833996745e-08,3.597122599785507e-14,3.419486915845482e-14,2174,2198
-0.2250000000000001,6.0,0.0006631988125400865,0.0006631137518191533,0.000663113751816699,8.506072093320168e-08,8.506072338751013e-08,5.0959236830294685e-14,6.916689443414725e-14,2090,2126
-0.15000000000000013,6.0,0.0007422637401070865,0.0007422226865241974,0.0007422226865206249,4.105358288909733e-08,4.105358646154349e-08,7.960299086562372e-14,1.3589129821411916e-13,2018,2042
-0.07499999999999996,6.0,0.0007939904787722622,0.0007940523761589261,0.0007940523761540079,6.189738666387799e-08,6.189738174561168e-08,1.376676550535194e-13,2.630118345336996e-13,1946,1982
0.0,6.0,0.0008119916159927893,0.0008121092364884092,0.0008121092364821396,1.1762049561994496e-07,1.1762048935032906e-07,2.4513724383723456e-13,4.842792833414933e-13,1886,1910
0.07499999999999996,6.0,0.0007939904787722622,0.0007940523761588303,0.0007940523761541615,6.189738656803452e-08,6.189738189924313e-08,2.48245868306185e-13,4.853895063661184e-13,1946,1982
0.1499999999999999,6.0,0.0007422637401070865,0.0007422226865240499,0.0007422226865208755,4.1053583036548824e-08,4.1053586210984365e-08,2.5712765250318625e-13,4.651834473179406e-13,2018,2042
0.22499999999999987,6.0,0.000663198812540087,0.000663113751819001,0.0006631137518169825,8.506072108596576e-08,8.506072310453337e-08,2.639000129533997e-13,4.2676973066591017e-13,2090,2126
0.2999999999999998,6.0,0.0005660709987117075,0.0005660129245633203,0.0005660129245621815,5.8074148387237366e-08,5.807414952597491e-08,2.731148640577885e-13,3.7270186936666505e-13,2174,2198
0.375,6.0,0.0004613313128404704,0.00046129884483572754,0.0004612988448351688,3.246800474288568e-08,3.246800530162927e-08,2.843281166065026e-13,3.120836922221315e-13,2246,2282
0.44999999999999996,6.0,0.00035881137159724083,0.00035877195514504674,0.00035877195514488514,3.941645219409078e-08,3.9416452355691117e-08,2.8466118351389014e-13,2.5002222514558525e-13,2342,2366
0.5249999999999999,6.0,0.0002662595502307948,0.00026622040565321974,0.0002662204056532075,3.914457757508158e-08,3.914457758733307e-08,2.9598545836506673e-13,1.91402449445377e-13,2426,2450
0.6000000000000001,6.0,0.00018851096849674726,0.00018849597803847175,0.00018849597803853677,1.4990458275512472e-08,1.4990458210487447e-08,2.993161274389422e-13,1.3988810110276972e-13,2510,2546
0.6749999999999998,6.0,0.00012739286444616853,0.0001273917130363058,0.0001273917130363993,1.1514098627177834e-09,1.1514097692324511e-09,3.107514245925813e-13,9.736655925962623e-14,2606,2642
0.75,6.0,8.224763304364643e-05,8.223707807776762e-05,8.223707807787323e-05,1.0554965878815698e-08,1.0554965773200854e-08,3.111955138024314e-13,6.461498003318411e-14,2702,2726
0.8249999999999997,6.0,5.0802198387237694e-05,5.0783876050003825e-05,5.0783876050097724e-05,1.8322337233868684e-08,1.832233713997e-08,3.140820936664568e-13,4.1300296516055823e-14,2798,2834
0.8999999999999999,6.0,3.0077388168093375e-05,3.0063401246686084e-05,3.0063401246731618e-05,1.3986921407290376e-08,1.3986921361757273e-08,3.212985433265203e-13,2.5091040356528538e-14,2906,2930
0.9750000000000001,6.0,1.7107659856670675e-05,1.709859259794567e-05,1.7098592597987843e-05,9.067258725003525e-09,9.067258682831449e-09,3.276268145668837e-13,1.454392162258955e-14,3002,3026
1.0499999999999998,6.0,9.372639042282058e-06,9.365891194149974e-06,9.36589119417476e-06,6.747848132083995e-09,6.747848107298117e-09,3.3373304120232206e-13,8.215650382226158e-15,3098,3134
1.125,6.0,4.959827847899006e-06,4.957450809065175e-06,4.957450809081125e-06,2.3770388338311985e-09,2.377038817881568e-09,3.355093980417223e-13,4.551914400963142e-15,3206,3230
1.1999999999999997,6.0,2.5424593647039024e-06,2.5444521881286407e-06,2.5444521881392596e-06,1.9928234247383748e-09,1.9928234353572033e-09,3.4416913763379853e-13,2.220446049250313e-15,3314,3338
1.275,6.0,1.2660993984771874e-06,1.2686089000430218e-06,1.268608900053203e-06,2.5095015658343443e-09,2.5095015760156803e-09,3.516076318987871e-13,1.1102230246251565e-15,3410,3446
1.35,6.0,6.142034454668084e-07,6.149677963014746e-07,6.149677963046316e-07,7.643508346661787e-10,7.643508378231764e-10,3.5560443478743764e-13,5.551115123125783e-16,3518,3554
1.4249999999999998,6.0,2.9102341265248204e-07,2.906872872097474e-07,2.906872872128363e-07,3.3612544273463275e-10,3.3612543964571535e-10,3.65374397404139e-13,2.220446049250313e-16,3626,3650
1.5,6.0,1.3501315594079349e-07,1.345949347139483e-07,1.34594934715002e-07,4.1822122684519573e-10,4.1822122579148674e-10,3.6770586575585185e-13,1.1102230246251565e-16,3734,3758
-1.5,8.0,1.3501315594079349e-07,1.3501855820458203e-07,1.3501855820368864e-07,5.402263788540702e-12,5.402262895159171e-12,1.7630341631047486e-13,1.1102230246251565e-16,4982,5006
-1.425,8.0,2.9102341265248204e-07,2.910350171535106e-07,2.910350171549417e-07,1.1604501028570997e-11,1.1604502459686101e-11,1.6830981053317373e-13,0.0,4838,4862
-1.35,8.0,6.142034454668084e-07,6.142015514240778e-07,6.142015514228289e-07,1.894042730577058e-12,1.8940439795271386e-12,1.6331380692236053e-13,0.0,4694,4718
-1.275,8.0,1.2660993984771874e-06,1.2660618367895682e-06,1.2660618367948524e-06,3.7561687619214865e-11,3.7561682334999824e-11,1.525446435834965e-13,1.1102230246251565e-16,4550,4574
-1.2,8.0,2.5424593647039024e-06,2.5424220092198894e-06,2.542422009225413e-06,3.7355484012922905e-11,3.7355478489421056e-11,1.3999912340523224e-13,2.220446049250313e-16,4406,4430
-1.125,8.0,4.959827847899006e-06,4.9599025245246e-06,4.959902524525544e-06,7.467662559338355e-11,7.467662653782528e-11,1.3500311979441904e-13,0.0,4274,4298
-1.05,8.0,9.372639042282024e-06,9.372778466779036e-06,9.372778466779003e-06,1.3942449701275644e-10,1.3942449697887513e-10,1.2634338020234281e-13,1.1102230246251565e-16,4130,4154
-0.975,8.0,1.7107659856670705e-05,1.7107756969452392e-05,1.710775696947036e-05,9.711278168680394e-11,9.711279965406681e-11,1.2012613126444194e-13,0.0,3998,4022
-0.9,8.0,3.0077388168093375e-05,3.0077439885010968e-05,3.0077439885004914e-05,5.171691759331453e-11,5.171691153872302e-11,1.113553693699032e-13,0.0,3866,3890
-0.8250000000000001,8.0,5.080219838723752e-05,5.0801958680609565e-05,5.080195868061577e-05,2.397066279532221e-10,2.3970662174616466e-10,1.078026556911027e-13,3.3306690738754696e-16,3734,3758
-0.75,8.0,8.224763304364643e-05,8.224712731547762e-05,8.224712731546882e-05,5.057281688152122e-10,5.057281776108024e-10,9.403589018575076e-14,6.661338147750939e-16,3602,3626
-0.675,8.0,0.00012739286444616853,0.00012739242315463147,0.00012739242315454706,4.41291537057846e-10,4.4129162146298515e-10,9.525713551283843e-14,1.2212453270876722e-15,3470,3506
-0.6000000000000001,8.0,0.00018851096849674726,0.0001885101659329823,0.00018851016593281395,8.025637649572946e-10,8.02563933306787e-10,8.737455203799982e-14,2.3314683517128287e-15,3350,3374
-0.525,8.0,0.0002662595502307948,0.0002662584973665203,0.0002662584973661911,1.0528642744971062e-09,1.0528646037150959e-09,8.615330671091215e-14,4.9960036108132044e-15,3230,3254
-0.44999999999999996,8.0,0.00035881137159724083,0.00035881105365687105,0.0003588110536563037,3.1794036977825235e-10,3.179409371412492e-10,8.37108160567368e-14,1.0325074129013956e-14,3110,3134
-0.375,8.0,0.0004613313128404704,0.00046133134525438475,0.00046133134525340344,3.241391432606128e-11,3.241293301467496e-11,8.448797217397441e-14,2.1094237467877974e-14,3002,3026
-0.30000000000000004,8.0,0.0005660709987117065,0.000566071091898632,0.000566071091897065,9.318692540706552e-11,9.318535840966563e-11,8.959499808725013e-14,4.3076653355456074e-14,2882,2918
-0.2250000000000001,8.0,0.0006631988125400865,0.0006632001139544152,0.0006632001139520481,1.301414328733208e-09,1.3014119615946049e-09,1.0724754417879012e-13,8.681944052568724e-14,2786,2810
-0.15000000000000013,8.0,0.0007422637401070865,0.0007422654226391809,0.0007422654226357032,1.682532094443405e-09,1.6825286167565165e-09,1.397770788003072e-13,1.7319479184152442e-13,2678,2714
-0.07499999999999996,8.0,0.0007939904787722622,0.0007939899419749877,0.000793989941970134,5.367972744909841e-10,5.368021282472699e-10,2.0539125955565396e-13,3.346212196220222e-13,2594,2618
0.0,8.0,0.0008119916159927893,0.0008119894170694043,0.0008119894170631602,2.1989233849571688e-09,2.1989296290943205e-09,3.320677066653843e-13,6.247224959565756e-13,2510,2534
0.07499999999999996,8.0,0.0007939904787722622,0.0007939899419748988,0.0007939899419702611,5.367973633955622e-10,5.368020011787752e-10,3.1896707497480747e-13,6.253886297713507e-13,2594,2618
0.1499999999999999,8.0,0.0007422637401070865,0.000742265422639047,0.0007422654226359363,1.6825319605444367e-09,1.6825288498599836e-09,3.183009411600324e-13,6.005196340197472e-13,2678,2714
0.22499999999999987,8.0,0.000663198812540087,0.0006632001139542799,0.0006632001139523382,1.3014141928826758e-09,1.3014122511850051e-09,3.1963320878958257e-13,5.518918655411653e-13,2786,2810
0.2999999999999998,8.0,0.0005660709987117075,0.0005660710918984695,0.0005660710918973819,9.318676201779813e-11,9.318567434617869e-11,3.2385205628315816e-13,4.85722573273506e-13,2882,2918
0.375,8.0,0.0004613313128404704,0.0004613313452542162,0.0004613313452537191,3.2413745786833564e-11,3.241324868013748e-11,3.310685059432217e-13,4.0756287233989497e-13,3002,3026
0.44999999999999996,8.0,0.00035881137159724083,0.000358811053656793,0.00035881105365658195,3.1794044784080877e-10,3.1794065888076165e-10,3.397282455352979e-13,3.2740476996195866e-13,3110,3134
0.5249999999999999,8.0,0.0002662595502307948,0.00026625849736639895,0.0002662584973664012,1.0528643958735394e-09,1.0528643935967148e-09,3.494982081519993e-13,2.5079938126282286e-13,3230,3254
0.6000000000000001,8.0,0.00018851096849674726,0.00018851016593286467,0.00018851016593299114,8.025638825932303e-10,8.025637561210469e-10,3.5493830097266255e-13,1.8285373215576328e-13,3350,3374
0.6749999999999998,8.0,0.00012739286444616853,0.00012739242315456162,0.0001273924231546839,4.41291606907571e-10,4.41291484636671e-10,3.590461261637756e-13,1.2800871473928055e-13,3470,3506
0.75,8.0,8.224763304364643e-05,8.224712731548664e-05,8.224712731556373e-05,5.057281597892292e-10,5.057280827024547e-10,3.7547742692822794e-13,8.504308368628699e-14,3602,3626
0.8249999999999997,8.0,5.0802198387237694e-05,5.0801958680609145e-05,5.080195868068525e-05,2.397066285495333e-10,2.3970655244531704e-10,3.8180569816859133e-13,5.4067861299245124e-14,3734,3758
0.8999999999999999,8.0,3.0077388168093375e-05,3.0077439884999496e-05,3.007743988505575e-05,5.171690612110029e-11,5.171696237425238e-11,3.9201974999514277e-13,3.297362383136715e-14,3866,3890
0.9750000000000001,8.0,1.7107659856670675e-05,1.7107756969466978e-05,1.710775696949635e-05,9.711279630320447e-11,9.711282567491895e-11,3.97015753605956e-13,1.942890293094024e-14,3998,4022
1.0499999999999998,8.0,9.372639042282058e-06,9.372778466766792e-06,9.372778466798603e-06,1.3942448473416684e-10,1.394245165453362e-10,4.0334402484631937e-13,1.099120794378905e-14,4130,4154
1.125,8.0,4.959827847899006e-06,4.9599025245326185e-06,4.9599025245386376e-06,7.467663361224446e-11,7.467663963126058e-11,4.085620730620576e-13,5.995204332975845e-15,4274,4298
1.1999999999999997,8.0,2.5424593647039024e-06,2.542422009220493e-06,2.542422009234844e-06,3.735548340941193e-11,3.735546905855622e-11,4.1933123640092163e-13,3.219646771412954e-15,4406,4430
1.275,8.0,1.2660993984771874e-06,1.266061836795201e-06,1.266061836800504e-06,3.7561681986445766e-11,3.756167668338424e-11,4.285460875053104e-13,1.6653345369377348e-15,4550,4574
1.35,8.0,6.142034454668084e-07,6.142015514224768e-07,6.14201551425771e-07,1.8940443315752073e-12,1.8940410374640755e-12,4.439781875476001e-13,8.881784197001252e-16,4694,4718
1.4249999999999998,8.0,2.9102341265248204e-07,2.9103501715333194e-07,2.910350171574191e-07,1.1604500849899985e-11,1.1604504937045714e-11,4.495293026707259e-13,2.220446049250313e-16,4838,4862
1.5,8.0,1.3501315594079349e-07,1.350185582043279e-07,1.3501855820578235e-07,5.402263534404348e-12,5.402264988865798e-12,4.554134847012392e-13,2.220446049250313e-16,4982,5006
-1.5,10.0,1.3501315594079349e-07,1.3501331384281413e-07,1.3501331384148754e-07,1.579020206457753e-13,1.57900694059831e-13,2.632338791386246e-13,1.1102230246251565e-16,6218,6242
-1.425,10.0,2.9102341265248204e-07,2.910231319462973e-07,2.9102313194808165e-07,2.8070618471874145e-13,2.807044003908985e-13,2.495781359357352e-13,0.0,6038,6062
-1.35,10.0,6.142034454668084e-07,6.142033543547148e-07,6.142033543536823e-07,9.111209359984713e-14,9.111312613300983e-14,2.384759056894836e-13,0.0,5858,5882
-1.275,10.0,1.2660993984771874e-06,1.2660999563967787e-06,1.2660999563982445e-06,5.579195912806345e-13,5.579210570711497e-13,2.283728761653947e-13,0.0,5678,5714
-1.2,10.0,2.5424593647039024e-06,2.5424599466597772e-06,2.54245994666584e-06,5.81955874871023e-13,5.819619375093429e-13,2.156053113822054e-13,1.1102230246251565e-16,5510,5534
-1.125,10.0,4.959827847899006e-06,4.959826088694584e-06,4.959826088697339e-06,1.7592044222183509e-12,1.7592016676672064e-12,2.0383694732117874e-13,1.1102230246251565e-16,5330,5354
-1.05,10.0,9.372639042282024e-06,9.372637265095693e-06,9.372637265110633e-06,1.7771863302951671e-12,1.7771713903280435e-12,1.9584334154387761e-13,1.1102230246251565e-16,5162,5186
-0.975,10.0,1.7107659856670705e-05,1.7107660716979515e-05,1.7107660716966406e-05,8.603088097328734e-13,8.602957010509817e-13,1.8951507030351422e-13,0.0,4994,5018
-0.9,10.0,3.0077388168093375e-05,3.007739238075131e-05,3.0077392380745083e-05,4.212657935838806e-12,4.212651708452577e-12,1.8496315590255108e-13,3.3306690738754696e-16,4826,4850
-0.8250000000000001,10.0,5.080219838723752e-05,5.080220696929598e-05,5.080220696930351e-05,8.582058464757809e-12,8.582065993186644e-12,1.7064127888488656e-13,2.220446049250313e-16,4658,4682
-0.75,10.0,8.224763304364643e-05,8.224763828233593e-05,8.224763828229472e-05,5.2386895006435036e-12,5.238648287408422e-12,1.5643042416968456e-13,6.661338147750939e-16,4502,4526
-0.675,10.0,0.00012739286444616853,0.00012739287420269257,0.00012739287420262141,9.756524039193637e-12,9.756452888426068e-12,1.5343282200319663e-13,1.3322676295501878e-15,4334,4370
-0.6000000000000001,10.0,0.00018851096849674726,0.00018851097563659947,0.0001885109756364968,7.139852213145295e-12,7.139749539199561e-12,1.474376176702208e-13,2.886579864025407e-15,4178,4214
-0.525,10.0,0.0002662595502307948,0.0002662595604449937,0.0002662595604447342,1.0214198898576138e-11,1.0213939394786153e-11,1.4233059175694507e-13,5.995204332975845e-15,4034,4058
-0.44999999999999996,10.0,0.00035881137159724083,0.00035881139717492007,0.00035881139717429937,2.557767924326812e-11,2.5577058537524372e-11,1.3433698597964394e-13,1.2323475573339238e-14,3878,3914
-0.375,10.0,0.0004613313128404704,0.00046133132625043226,0.0004613313262494812,1.3409961834541517e-11,1.3409010772395813e-11,1.3533618670180658e-13,2.5424107263916085e-14,3746,3770
-0.30000000000000004,10.0,0.0005660709987117065,0.0005660710109917342,0.0005660710109902385,1.2280027689159922e-11,1.2278531923842761e-11,1.4244161405940758e-13,5.218048215738236e-14,3602,3638
-0.2250000000000001,10.0,0.0006631988125400865,0.0006631988107670903,0.0006631988107646455,1.7729961379261971e-12,1.775441013825152e-12,1.6564527527407336e-13,1.0547118733938987e-13,3470,3506
-0.15000000000000013,10.0,0.0007422637401070865,0.0007422637034789677,0.0007422637034754753,3.66281187238332e-11,3.663161115587121e-11,2.0017321133991572e-13,2.107203300738547e-13,3350,3386
-0.07499999999999996,10.0,0.0007939904787722622,0.0007939904762115183,0.0007939904762067147,2.560743934607035e-12,2.565547492332232e-12,2.7133850721838826e-13,4.0900616227190767e-13,3230,3266
0.0,10.0,0.0008119916159927893,0.0008119916567204421,0.0008119916567142072,4.072765280409285e-11,4.072141788265954e-11,4.164446565368962e-13,7.653877531765829e-13,3122,3158
0.07499999999999996,10.0,0.0007939904787722622,0.0007939904762113693,0.000793990476206869,2.5608929039855344e-12,2.5653932103630872e-12,3.8036240823657863e-13,7.700506898800086e-13,3230,3266
0.1499999999999999,10.0,0.0007422637401070865,0.0007422637034788206,0.0007422637034757072,3.662826585006801e-11,3.663137924502652e-11,3.739231146937527e-13,7.405187574249794e-13,3350,3386
0.22499999999999987,10.0,0.000663198812540087,0.0006631988107668836,0.0006631988107649378,1.7732034373815764e-12,1.7751492550205361e-12,3.7547742692822794e-13,6.806777363976835e-13,3470,3506
0.2999999999999998,10.0,0.0005660709987117075,0.0005660710109916173,0.0005660710109905488,1.2279909727963556e-11,1.2278841246722572e-11,3.772537837676282e-13,5.988542994828094e-13,3602,3638
0.375,10.0,0.0004613313128404704,0.00046133132625027977,0.00046133132624979654,1.3409809341505957e-11,1.340932611259768e-11,3.8546943414985435e-13,5.029310301551959e-13,3746,3770
0.44999999999999996,10.0,0.00035881137159724083,0.0003588113971747914,0.00035881139717458706,2.5577550548470246e-11,2.557734623057084e-11,3.957945082788683e-13,4.0445424787094453e-13,3878,3914
0.5249999999999999,10.0,0.0002662595502307948,0.00026625956044493306,0.00026625956044496455,1.0214138237464587e-11,1.0214169733537698e-11,4.0234482412415673e-13,3.1041835768519377e-13,4034,4058
0.6000000000000001,10.0,0.00018851096849674726,0.00018851097563659408,0.00018851097563667285,7.139846819239487e-12,7.139925586527318e-12,4.1244785364824565e-13,2.2737367544323206e-13,4178,4214
0.6749999999999998,10.0,0.00012739286444616853,0.00012739287420264437,0.00012739287420275474,9.75647584640707e-12,9.756586218188229e-12,4.2643666375852263e-13,1.5865087021893487e-13,4334,4370
0.75,10.0,8.224763304364643e-05,8.224763828225397e-05,8.22476382823899e-05,5.238607534959264e-12,5.238743466806639e-12,4.3587355946783646e-13,1.056932319443149e-13,4502,4526
0.8249999999999997,10.0,5.0802198387237694e-05,5.080220696928305e-05,5.080220696937216e-05,8.582045352687785e-12,8.5821344673301e-12,4.434230760352875e-13,6.705747068735946e-14,4658,4682
0.8999999999999999,10.0,3.0077388168093375e-05,3.0077392380721868e-05,3.007739238079145e-05,4.212628492973559e-12,4.21269807503611e-12,4.5152770411505116e-13,4.1300296516055823e-14,4826,4850
0.9750000000000001,10.0,1.7107659856670675e-05,1.7107660716945894e-05,1.7107660716998038e-05,8.60275219794317e-13,8.6032736314255e-13,4.622968674539152e-13,2.4202861936828413e-14,4994,5018
1.0499999999999998,10.0,9.372639042282058e-06,9.372637265111543e-06,9.372637265130466e-06,1.777170514495976e-12,1.7771515917799343e-12,4.727329638853917e-13,1.354472090042691e-14,5162,5186
1.125,10.0,4.959827847899006e-06,4.959826088692946e-06,4.959826088710702e-06,1.7592060603800709e-12,1.7591883040283976e-12,4.838351941316432e-13,7.549516567451064e-15,5330,5354
1.1999999999999997,10.0,2.5424593647039024e-06,2.54245994665956e-06,2.5424599466742704e-06,5.81955657607072e-13,5.819703680282669e-13,5.012656956182582e-13,3.885780586188048e-15,5510,5534
1.275,10.0,1.2660993984771874e-06,1.2660999563963143e-06,1.2660999564040446e-06,5.579191268948212e-13,5.579268571292561e-13,5.095923683029469e-13,2.220446049250313e-15,5678,5714
1.35,10.0,6.142034454668084e-07,6.142033543530464e-07,6.142033543572738e-07,9.111376204299498e-14,9.110953460743436e-14,5.186961971048731e-13,9.992007221626409e-16,5858,5882
1.4249999999999998,10.0,2.9102341265248204e-07,2.910231319481464e-07,2.910231319505991e-07,2.807043356458176e-13,2.807018829560397e-13,5.302425165609748e-13,4.440892098500626e-16,6038,6062
1.5,10.0,1.3501315594079349e-07,1.350133138425665e-07,1.3501331384310117e-07,1.5790177302098712e-13,1.579023076840653e-13,5.46007683510652e-13,2.220446049250313e-16,6218,6242
-1.5,12.0,1.3501315594079349e-07,1.3501315366954208e-07,1.3501315366803481e-07,2.2712514030639812e-15,2.2727586717238407e-15,3.433919815165609e-13,0.0,7454,7490
-1.425,12.0,2.9102341265248204e-07,2.910234126507437e-07,2.910234126490507e-07,1.738323366002638e-18,3.4313304693271707e-18,3.353983757392598e-13,1.1102230246251565e-16,7238,7274
-1.35,12.0,6.142034454668084e-07,6.142034522971057e-07,6.142034522978821e-07,6.830297292047412e-15,6.831073703622689e-15,3.2007729799943263e-13,0.0,7034,7058
-1.275,12.0,1.2660993984771874e-06,1.2660993875491275e-06,1.2660993875519293e-06,1.0928059943505347e-14,1.0925258170274067e-14,3.0941915696303113e-13,1.1102230246251565e-16,6818,6842
-1.2,12.0,2.5424593647039024e-06,2.5424593580493303e-06,2.542459358052042e-06,6.654572048568272e-15,6.651860272587637e-15,2.936539900133539e-13,0.0,6602,6626
-1.125,12.0,4.959827847899006e-06,4.959827882867088e-06,4.959827882868734e-06,3.4968081490290015e-14,3.496972812233948e-14,2.8255175976710234e-13,2.220446049250313e-16,6398,6422
-1.05,12.0,9.372639042282024e-06,9.372639046083912e-06,9.372639046100147e-06,3.8018887490260875e-15,3.8181229824931634e-15,2.632338791386246e-13,0.0,6194,6218
-0.975,12.0,1.7107659856670705e-05,1.7107659803903012e-05,1.7107659803905635e-05,5.2767692830264085e-14,5.2765070416259385e-14,2.5979218776228663e-13,0.0,5990,6014
-0.9,12.0,3.0077388168093375e-05,3.007738807288574e-05,3.0077388072883348e-05,9.520763490740089e-14,9.521002692844394e-14,2.4868995751603507e-13,1.1102230246251565e-16,5786,5810
-0.8250000000000001,12.0,5.080219838723752e-05,5.0802198388900366e-05,5.080219838891386e-05,1.6628476482045962e-15,1.6763391889884627e-15,2.3425705819590803e-13,4.440892098500626e-16,5582,5618
-0.75,12.0,8.224763304364643e-05,8.224763309584863e-05,8.22476330958357e-05,5.220219330588638e-14,5.218926419497949e-14,2.2659651932599445e-13,8.881784197001252e-16,5390,5414
-0.675,12.0,0.00012739286444616853,0.00012739286463583373,0.00012739286463579223,1.8966520519934915e-13,1.8962370736119727e-13,2.1371793224034263e-13,1.6653345369377348e-15,5198,5234
-0.6000000000000001,12.0,0.00018851096849674726,0.000188510968676133,0.00018851096867603443,1.7938574887674252e-13,1.7928716779420928e-13,2.1149748619109232e-13,3.552713678800501e-15,5018,5042
-0.525,12.0,0.0002662595502307948,0.0002662595504350324,0.00026625955043472083,2.0423756002391213e-13,2.0392601452964843e-13,1.9761969838327786e-13,7.216449660063518e-15,4838,4862
-0.44999999999999996,12.0,0.00035881137159724083,0.0003588113716839693,0.00035881137168347654,8.672847596341571e-14,8.623570607602105e-14,1.9606538614880265e-13,1.4432899320127035e-14,4658,4682
-0.375,12.0,0.0004613313128404704,0.0004613313125099321,0.00046133131250905416,3.3053833108087627e-13,3.314162637900464e-13,1.9251267247000214e-13,2.9531932455029164e-14,4490,4514
-0.30000000000000004,12.0,0.0005660709987117065,0.0005660709984784659,0.0005660709984770251,2.3324061865920287e-13,2.3468141492621886e-13,1.9395596240201485e-13,6.09512440519211e-14,4322,4346
-0.2250000000000001,12.0,0.0006631988125400865,0.0006631988121651331,0.0006631988121628961,3.7495332359804845e-13,3.771903579405378e-13,2.1760371282653068e-13,1.2356782264077992e-13,4166,4190
-0.15000000000000013,12.0,0.0007422637401070865,0.0007422637406313222,0.0007422637406279802,5.242357112647533e-13,5.20893766488284e-13,2.5146551507759796e-13,2.4702462297909733e-13,4022,4046
-0.07499999999999996,12.0,0.0007939904787722622,0.0007939904790458382,0.0007939904790411349,2.735759752417466e-13,2.688727062175045e-13,3.4017233474514796e-13,4.831690603168681e-13,3878,3902
0.0,12.0,0.0008119916159927893,0.0008119916152446632,0.0008119916152384396,7.48126061968224e-13,7.543497076989425e-13,5.005995618034831e-13,9.063860773039778e-13,3746,3782
0.07499999999999996,12.0,0.0007939904787722622,0.0007939904790457611,0.000793990479041275,2.7349888846728287e-13,2.690127851381896e-13,4.5152770411505116e-13,9.128253708468037e-13,3878,3914
0.1499999999999999,12.0,0.0007422637401070865,0.0007422637406313083,0.0007422637406282208,5.242218334769455e-13,5.211343509503585e-13,4.347633364432113e-13,8.759659664292485e-13,4022,4046
0.22499999999999987,12.0,0.000663198812540087,0.0006631988121650509,0.0006631988121631934,3.7503615664402634e-13,3.768936118059285e-13,4.283240429003854e-13,8.087974734394265e-13,4166,4190
0.2999999999999998,12.0,0.0005660709987117075,0.00056607099847837,0.0005660709984773612,2.3333754633342307e-13,2.343462880347036e-13,4.3431924723336124e-13,7.125411372044255e-13,4322,4358
0.375,12.0,0.0004613313128404704,0.0004613313125098029,0.0004613313125093589,3.306675137697279e-13,3.3111154876946935e-13,4.3454129183828627e-13,5.980771433655718e-13,4490,4514
0.44999999999999996,12.0,0.00035881137159724083,0.00035881137168391027,0.00035881137168375057,8.666944115512387e-14,8.650973817511676e-14,4.525269048372138e-13,4.807265696626928e-13,4658,4682
0.5249999999999999,12.0,0.0002662595502307948,0.00026625955043489984,0.00026625955043494857,2.0410501630832578e-13,2.04153751195979e-13,4.657385588302532e-13,3.701483564100272e-13,4838,4862
0.6000000000000001,12.0,0.00018851096849674726,0.0001885109686761016,0.00018851096867620866,1.7935433411879476e-13,1.794613990833277e-13,4.741762538174044e-13,2.7056135110115065e-13,5018,5042
0.6749999999999998,12.0,0.00012739286444616853,0.00012739286463582728,0.00012739286463592472,1.8965875419642286e-13,1.89756196866675e-13,4.82280881897168e-13,1.8918200339612667e-13,5198,5234
0.75,12.0,8.224763304364643e-05,8.224763309584658e-05,8.224763309593441e-05,5.2200146874285813e-14,5.2287980802784295e-14,4.948264020754323e-13,1.2612133559741778e-13,5390,5414
0.8249999999999997,12.0,5.0802198387237694e-05,5.080219838892503e-05,5.0802198388984506e-05,1.6873370647756125e-15,1.7468123302000205e-15,5.067057884389214e-13,8.060219158778636e-14,5582,5618
0.8999999999999999,12.0,3.0077388168093375e-05,3.0077388072877256e-05,3.0077388072929216e-05,9.521611878940059e-14,9.516415840028422e-14,5.192513086171857e-13,4.907185768843192e-14,5786,5810
0.9750000000000001,12.0,1.7107659856670675e-05,1.7107659803893126e-05,1.7107659803936904e-05,5.2777548905638336e-14,5.2733770854792444e-14,5.3179682879545e-13,2.8976820942716586e-14,5990,6014
1.0499999999999998,12.0,9.372639042282058e-06,9.37263904608734e-06,9.372639046120484e-06,3.805281963012788e-15,3.838426362238849e-15,5.513367540288527e-13,1.6209256159527285e-14,6194,6218
1.125,12.0,4.959827847899006e-06,4.95982788286044e-06,4.959827882881839e-06,3.4961433975719963e-14,3.498283256906645e-14,5.566658245470535e-13,8.992806499463768e-15,6398,6422
1.1999999999999997,12.0,2.5424593647039024e-06,2.5424593580498678e-06,2.5424593580617165e-06,6.654034606163239e-15,6.642185885780572e-15,5.74207348336131e-13,4.6629367034256575e-15,6602,6626
1.275,12.0,1.2660993984771874e-06,1.2660993875540813e-06,1.2660993875576027e-06,1.092310607131333e-14,1.0919584743593357e-14,5.867528685143952e-13,2.4424906541753444e-15,6818,6842
1.35,12.0,6.142034454668084e-07,6.142034522987008e-07,6.142034523017831e-07,6.8318923609662105e-15,6.834974713861269e-15,6.037392807911601e-13,1.3322676295501878e-15,7022,7058
1.4249999999999998,12.0,2.9102341265248204e-07,2.9102341264880316e-07,2.9102341265180695e-07,3.67887584816224e-18,6.750852589616774e-19,6.175060462965121e-13,5.551115123125783e-16,7238,7274
1.5,12.0,1.3501315594079349e-07,1.3501315366688412e-07,1.350131536700632e-07,2.2739093659826856e-15,2.2707302925129626e-15,6.242784067467255e-13,2.220446049250313e-16,7454,7490
-1.5,14.0,1.3501315594079349e-07,1.3501315591799337e-07,1.3501315591696655e-07,2.2800115236836036e-17,2.3826930927145062e-17,4.342082249308987e-13,0.0,8702,8726
-1.425,14.0,2.9102341265248204e-07,2.910234127378363e-07,2.9102341274014767e-07,8.535423954539496e-17,8.766563363977434e-17,4.204414594255468e-13,1.1102230246251565e-16,8450,8474
-1.35,14.0,6.142034454668084e-07,6.142034452850675e-07,6.142034452831935e-07,1.8174087147054038e-16,1.8361493186634052e-16,4.034550471487819e-13,0.0,8198,8222
-1.275,14.0,1.2660993984771874e-06,1.266099398698309e-06,1.2660993986973006e-06,2.2112155077076093e-16,2.201131580470547e-16,3.850253449400043e-13,1.1102230246251565e-16,7946,7970
-1.2,14.0,2.5424593647039024e-06,2.542459364730297e-06,2.542459364736722e-06,2.639481718586488e-17,3.281956209078875e-17,3.694822225952521e-13,1.1102230246251565e-16,7706,7730
-1.125,14.0,4.959827847899006e-06,4.959827847297738e-06,4.959827847300922e-06,6.012680316743596e-16,5.980840348256307e-16,3.516076318987871e-13,0.0,7466,7490
-1.05,14.0,9.372639042282024e-06,9.372639042799093e-06,9.372639042804152e-06,5.170695685854931e-16,5.221280493464958e-16,3.396172232328354e-13,2.220446049250313e-16,7214,7250
-0.975,14.0,1.7107659856670705e-05,1.710765985758487e-05,1.710765985759226e-05,9.141653905218872e-16,9.215549059537337e-16,3.2662761384472105e-13,0.0,6986,7010
-0.9,14.0,3.0077388168093375e-05,3.007738816823523e-05,3.007738816824523e-05,1.4185430174257219e-16,1.5185606678375096e-16,3.12194714524594e-13,2.220446049250313e-16,6746,6770
-0.8250000000000001,14.0,5.080219838723752e-05,5.0802198384709463e-05,5.080219838472417e-05,2.5280545343751848e-15,2.51335004241085e-15,2.9665159217984183e-13,5.551115123125783e-16,6518,6542
-0.75,14.0,8.224763304364643e-05,8.224763304058862e-05,8.224763304057955e-05,3.0578160446423364e-15,3.0668826853097464e-15,2.866595849582154e-13,1.1102230246251565e-15,6290,6314
-0.675,14.0,0.00012739286444616853,0.00012739286444292673,0.0001273928644428496,3.2417916007859704e-15,3.318932585358314e-15,2.7267077484793845e-13,1.9984014443252818e-15,6062,6098
-0.6000000000000001,14.0,0.00018851096849674726,0.0001885109684921974,0.0001885109684920633,4.549854416835419e-15,4.683970225571876e-15,2.6845192735436285e-13,3.774758283725532e-15,5846,5882
-0.525,14.0,0.0002662595502307948,0.0002662595502263981,0.00026625955022619775,4.396710859971842e-15,4.597071421447163e-15,2.5646151868841116e-13,7.993605777301127e-15,5642,5666
-0.44999999999999996,14.0,0.00035881137159724083,0.0003588113715886816,0.0003588113715882031,8.559234050686815e-15,9.037746679513292e-15,2.4591439995447217e-13,1.6653345369377348e-14,5426,5462
-0.375,14.0,0.0004613313128404704,0.00046133131283792054,0.000461331312837069,2.5498808793600336e-15,3.4014132656301488e-15,2.44582132324922e-13,3.397282455352979e-14,5234,5258
-0.30000000000000004,14.0,0.0005660709987117065,0.000566070998713197,0.0005660709987117369,1.490452726515823e-15,3.0357660829594124e-17,2.545741395465484e-13,6.983302824892235e-14,5042,5066
-0.2250000000000001,14.0,0.0006631988125400865,0.0006631988125487541,0.0006631988125463819,8.667654267935365e-15,6.2954199145370815e-15,2.708944180085382e-13,1.4199752484955752e-13,4862,4886
-0.15000000000000013,14.0,0.0007422637401070865,0.0007422637401035484,0.0007422637401001075,3.5380769494719466e-15,6.979009384289192e-15,3.1441516057384433e-13,2.8466118351389014e-13,4682,4718
-0.07499999999999996,14.0,0.0007939904787722622,0.0007939904787630691,0.0007939904787583481,9.193167060939089e-15,1.3914108580592721e-14,4.085620730620576e-13,5.547784454051907e-13,4526,4550
0.0,14.0,0.0008119916159927893,0.0008119916160056141,0.0008119916159995042,1.2824810657896535e-14,6.714897735071723e-15,5.907496714030458e-13,1.0471623568264476e-12,4370,4406
0.07499999999999996,14.0,0.0007939904787722622,0.0007939904787629875,0.0007939904787584742,9.274699064309999e-15,1.3788015867932657e-14,5.124789481669723e-13,1.0504930259003231e-12,4526,4550
0.1499999999999999,14.0,0.0007422637401070865,0.0007422637401033777,0.0007422637401003417,3.708730371421165e-15,6.7447132948150745e-15,4.856115509710435e-13,1.0162981567418683e-12,4682,4718
0.22499999999999987,14.0,0.000663198812540087,0.0006631988125485846,0.000663198812546693,8.49754294707239e-15,6.60593541673693e-15,4.847233725513433e-13,9.341416529196067e-13,4862,4886
0.2999999999999998,14.0,0.0005660709987117075,0.0005660709987131353,0.0005660709987120734,1.4277858409461608e-15,3.6591823321385775e-16,4.819478149897805e-13,8.235634396669411e-13,5042,5066
0.375,14.0,0.0004613313128404704,0.0004613313128378672,0.0004613313128373838,2.6032236262463204e-15,3.0866151648489826e-15,4.899414207670816e-13,6.935563234833353e-13,5234,5258
0.44999999999999996,14.0,0.00035881137159724083,0.0003588113715886074,0.00035881137158849256,8.633447689393448e-15,8.748264699459662e-15,5.03597163969971e-13,5.587752482938413e-13,5426,5462
0.5249999999999999,14.0,0.0002662595502307948,0.0002662595502263297,0.0002662595502264145,4.465124017055677e-15,4.380339407167311e-15,5.170308625679354e-13,4.296563105299356e-13,5630,5666
0.6000000000000001,14.0,0.00018851096849674726,0.00018851096849212292,0.00018851096849223638,4.6243391060851735e-15,4.5108773487345655e-15,5.335731856348502e-13,3.149702720861569e-13,5846,5882
0.6749999999999998,14.0,0.00012739286444616853,0.00012739286444282433,0.00012739286444298412,3.3441944959772263e-15,3.184410200807175e-15,5.433431482515516e-13,2.1971313657331848e-13,6062,6098
0.75,14.0,8.224763304364643e-05,8.224763304056512e-05,8.224763304067824e-05,3.0813161267309597e-15,2.9681931825592534e-15,5.601075159233915e-13,1.4643841694805815e-13,6290,6314
0.8249999999999997,14.0,5.0802198387237694e-05,5.0802198384698655e-05,5.080219838479269e-05,2.5390388576351786e-15,2.445004647962795e-15,5.734301922188934e-13,9.348077867343818e-14,6518,6542
0.8999999999999999,14.0,3.0077388168093375e-05,3.007738816825834e-05,3.0077388168294166e-05,1.6496474867545852e-16,2.007908542125264e-16,5.859757123971576e-13,5.717648576819556e-14,6746,6770
0.9750000000000001,14.0,1.7107659856670675e-05,1.7107659857612738e-05,1.7107659857621564e-05,9.420632676726548e-16,9.508893509830446e-16,6.059597268404104e-13,3.3639757646142243e-14,6986,7010
1.0499999999999998,14.0,9.372639042282058e-06,9.37263904280707e-06,9.372639042824965e-06,5.25013043564844e-16,5.429074616085383e-16,6.212808045802376e-13,1.8984813721090177e-14,7214,7250
1.125,14.0,4.959827847899006e-06,4.9598278473039055e-06,4.959827847314574e-06,5.95100784785401e-16,5.844324048147331e-16,6.320499679191016e-13,1.0325074129013956e-14,7454,7490
1.1999999999999997,14.0,2.5424593647039024e-06,2.542459364734252e-06,2.5424593647450157e-06,3.034961401659521e-17,4.111328519382923e-17,6.459277557269161e-13,5.551115123125783e-15,7706,7730
1.275,14.0,1.2660993984771874e-06,1.266099398695638e-06,1.266099398702841e-06,2.184506441298313e-16,2.2565360055504507e-16,6.628031457012185e-13,2.886579864025407e-15,7946,7970
1.35,14.0,6.142034454668084e-07,6.142034452855512e-07,6.142034452868599e-07,1.8125721565765817e-16,1.7994854975415028e-16,6.865619184281968e-13,1.3322676295501878e-15,8198,8222
1.4249999999999998,14.0,2.9102341265248204e-07,2.9102341274026287e-07,2.910234127428072e-07,8.778083012060092e-17,9.032515827547523e-17,7.007727731433988e-13,8.881784197001252e-16,8450,8474
1.5,14.0,1.3501315594079349e-07,1.350131559186528e-07,1.3501315591853386e-07,2.2140673617618962e-17,2.2259628807148987e-17,7.138734048339757e-13,3.3306690738754696e-16,8702,8726
