momentum,dirac,qke,exact,qke_invariant_error,dirac_norm_error,nfev_total
-1.5,1.3501315366954208e-07,1.3501315366803481e-07,1.3501315594079349e-07,0.0,3.433919815165609e-13,14944.0
-1.425,2.910234126507437e-07,2.910234126490507e-07,2.9102341265248204e-07,1.1102230246251565e-16,3.353983757392598e-13,14512.0
-1.35,6.142034522971057e-07,6.142034522978821e-07,6.142034454668084e-07,0.0,3.2007729799943263e-13,14092.0
-1.275,1.2660993875491275e-06,1.2660993875519293e-06,1.2660993984771874e-06,1.1102230246251565e-16,3.0941915696303113e-13,13660.0
-1.2,2.5424593580493303e-06,2.542459358052042e-06,2.5424593647039024e-06,0.0,2.936539900133539e-13,13228.0
-1.125,4.959827882867088e-06,4.959827882868734e-06,4.959827847899006e-06,2.220446049250313e-16,2.8255175976710234e-13,12820.0
-1.05,9.372639046083912e-06,9.372639046100147e-06,9.372639042282024e-06,0.0,2.632338791386246e-13,12412.0
-0.975,1.7107659803903012e-05,1.7107659803905635e-05,1.7107659856670705e-05,0.0,2.5979218776228663e-13,12004.0
-0.9,3.007738807288574e-05,3.0077388072883348e-05,3.0077388168093375e-05,1.1102230246251565e-16,2.4868995751603507e-13,11596.0
-0.8250000000000001,5.0802198388900366e-05,5.080219838891386e-05,5.080219838723752e-05,4.440892098500626e-16,2.3425705819590803e-13,11200.0
-0.75,8.224763309584863e-05,8.22476330958357e-05,8.224763304364643e-05,8.881784197001252e-16,2.2659651932599445e-13,10804.0
-0.675,0.00012739286463583373,0.00012739286463579223,0.00012739286444616853,1.6653345369377348e-15,2.1371793224034263e-13,10432.0
-0.6000000000000001,0.000188510968676133,0.00018851096867603443,0.00018851096849674726,3.552713678800501e-15,2.1149748619109232e-13,10060.0
-0.525,0.0002662595504350324,0.00026625955043472083,0.0002662595502307948,7.216449660063518e-15,1.9761969838327786e-13,9700.0
-0.44999999999999996,0.0003588113716839693,0.00035881137168347654,0.00035881137159724083,1.4432899320127035e-14,1.9606538614880265e-13,9340.0
-0.375,0.0004613313125099321,0.00046133131250905416,0.0004613313128404704,2.9531932455029164e-14,1.9251267247000214e-13,9004.0
-0.30000000000000004,0.0005660709984784659,0.0005660709984770251,0.0005660709987117065,6.09512440519211e-14,1.9395596240201485e-13,8668.0
-0.2250000000000001,0.0006631988121651331,0.0006631988121628961,0.0006631988125400865,1.2356782264077992e-13,2.1760371282653068e-13,8356.0
-0.15000000000000013,0.0007422637406313222,0.0007422637406279802,0.0007422637401070865,2.4702462297909733e-13,2.5146551507759796e-13,8068.0
-0.07499999999999996,0.0007939904790458382,0.0007939904790411349,0.0007939904787722622,4.831690603168681e-13,3.4017233474514796e-13,7780.0
0.0,0.0008119916152446632,0.0008119916152384396,0.0008119916159927893,9.063860773039778e-13,5.005995618034831e-13,7528.0
0.07499999999999996,0.0007939904790457611,0.000793990479041275,0.0007939904787722622,9.128253708468037e-13,4.5152770411505116e-13,7792.0
0.1499999999999999,0.0007422637406313083,0.0007422637406282208,0.0007422637401070865,8.759659664292485e-13,4.347633364432113e-13,8068.0
0.22499999999999987,0.0006631988121650509,0.0006631988121631934,0.000663198812540087,8.087974734394265e-13,4.283240429003854e-13,8356.0
0.2999999999999998,0.00056607099847837,0.0005660709984773612,0.0005660709987117075,7.125411372044255e-13,4.3431924723336124e-13,8680.0
0.375,0.0004613313125098029,0.0004613313125093589,0.0004613313128404704,5.980771433655718e-13,4.3454129183828627e-13,9004.0
0.44999999999999996,0.00035881137168391027,0.00035881137168375057,0.00035881137159724083,4.807265696626928e-13,4.525269048372138e-13,9340.0
0.5249999999999999,0.00026625955043489984,0.00026625955043494857,0.0002662595502307948,3.701483564100272e-13,4.657385588302532e-13,9700.0
0.6000000000000001,0.0001885109686761016,0.00018851096867620866,0.00018851096849674726,2.7056135110115065e-13,4.741762538174044e-13,10060.0
0.6749999999999998,0.00012739286463582728,0.00012739286463592472,0.00012739286444616853,1.8918200339612667e-13,4.82280881897168e-13,10432.0
0.75,8.224763309584658e-05,8.224763309593441e-05,8.224763304364643e-05,1.2612133559741778e-13,4.948264020754323e-13,10804.0
0.8249999999999997,5.080219838892503e-05,5.0802198388984506e-05,5.0802198387237694e-05,8.060219158778636e-14,5.067057884389214e-13,11200.0
0.8999999999999999,3.0077388072877256e-05,3.0077388072929216e-05,3.0077388168093375e-05,4.907185768843192e-14,5.192513086171857e-13,11596.0
0.9750000000000001,1.7107659803893126e-05,1.7107659803936904e-05,1.7107659856670675e-05,2.8976820942716586e-14,5.3179682879545e-13,12004.0
1.0499999999999998,9.37263904608734e-06,9.372639046120484e-06,9.372639042282058e-06,1.6209256159527285e-14,5.513367540288527e-13,12412.0
1.125,4.95982788286044e-06,4.959827882881839e-06,4.959827847899006e-06,8.992806499463768e-15,5.566658245470535e-13,12820.0
1.1999999999999997,2.5424593580498678e-06,2.5424593580617165e-06,2.5424593647039024e-06,4.6629367034256575e-15,5.74207348336131e-13,13228.0
1.275,1.2660993875540813e-06,1.2660993875576027e-06,1.2660993984771874e-06,2.4424906541753444e-15,5.867528685143952e-13,13660.0
1.35,6.142034522987008e-07,6.142034523017831e-07,6.142034454668084e-07,1.3322676295501878e-15,6.037392807911601e-13,14080.0
1.4249999999999998,2.9102341264880316e-07,2.9102341265180695e-07,2.9102341265248204e-07,5.551115123125783e-16,6.175060462965121e-13,14512.0
1.5,1.3501315366688412e-07,1.350131536700632e-07,1.3501315594079349e-07,2.220446049250313e-16,6.242784067467255e-13,14944.0
